od,r0,r1,r2,r3,r4,r5,r6,r7,r8,r9
"(0, 0)",0.0,0.0,0.0,0.0,0.0,0.0,0.0,0.0,0.0,0.0
"(0, 1)",0.1,0.1,0.1,0.1,0.1,0.1,0.1,0.1,0.1,0.1
"(0, 2)",0.1,0.1,0.1,0.1,0.1,0.1,0.1,0.1,0.1,0.1
"(0, 3)",0.1,0.1,0.1,0.1,0.1,0.1,0.1,0.1,0.1,0.1
"(0, 4)",0.1,0.1,0.1,0.1,0.1,0.1,0.1,0.1,0.1,0.1
"(0, 5)",0.1,0.1,0.1,0.1,0.1,0.1,0.1,0.1,0.1,0.1
"(0, 6)",0.1,0.1,0.1,0.1,0.1,0.1,0.1,0.1,0.1,0.1
"(0, 7)",0.1,0.1,0.1,0.1,0.1,0.1,0.1,0.1,0.1,0.1
"(0, 8)",0.1,0.1,0.1,0.1,0.1,0.1,0.1,0.1,0.1,0.1
"(0, 9)",0.1,0.1,0.1,0.1,0.1,0.1,0.1,0.1,0.1,0.1
"(0, 10)",0.1,0.1,0.1,0.1,0.1,0.1,0.1,0.1,0.1,0.1
"(0, 11)",0.1,0.1,0.1,0.1,0.1,0.1,0.1,0.1,0.1,0.1
"(0, 12)",0.1,0.1,0.1,0.1,0.1,0.1,0.1,0.1,0.1,0.1
"(0, 13)",0.1,0.1,0.1,0.1,0.1,0.1,0.1,0.1,0.1,0.1
"(0, 14)",0.1,0.1,0.1,0.1,0.1,0.1,0.1,0.1,0.1,0.1
"(0, 15)",0.1,0.1,0.1,0.1,0.1,0.1,0.1,0.1,0.1,0.1
"(0, 16)",1374.943076762761,1500.5859058007359,1448.1447152056603,978.9247419584142,1305.8624049207945,1226.8296076917063,1419.801157832107,1137.6432597369717,813.3724518078275,1082.3531903319995
"(0, 17)",0.1,0.1,0.1,0.1,0.1,0.1,0.1,0.1,0.1,0.1
"(0, 18)",0.1,0.1,0.1,0.1,0.1,0.1,0.1,0.1,0.1,0.1
"(0, 19)",0.1,0.1,0.1,0.1,0.1,0.1,0.1,0.1,0.1,0.1
"(0, 20)",0.1,0.1,0.1,0.1,0.1,0.1,0.1,0.1,0.1,0.1
"(0, 21)",0.1,0.1,0.1,0.1,0.1,0.1,0.1,0.1,0.1,0.1
"(0, 22)",0.1,0.1,0.1,0.1,0.1,0.1,0.1,0.1,0.1,0.1
"(0, 23)",0.1,0.1,0.1,0.1,0.1,0.1,0.1,0.1,0.1,0.1
"(1, 0)",0.1,0.1,0.1,0.1,0.1,0.1,0.1,0.1,0.1,0.1
"(1, 1)",0.0,0.0,0.0,0.0,0.0,0.0,0.0,0.0,0.0,0.0
"(1, 2)",0.1,0.1,0.1,0.1,0.1,0.1,0.1,0.1,0.1,0.1
"(1, 3)",0.1,0.1,0.1,0.1,0.1,0.1,0.1,0.1,0.1,0.1
"(1, 4)",0.1,0.1,0.1,0.1,0.1,0.1,0.1,0.1,0.1,0.1
"(1, 5)",0.1,0.1,0.1,0.1,0.1,0.1,0.1,0.1,0.1,0.1
"(1, 6)",0.1,0.1,0.1,0.1,0.1,0.1,0.1,0.1,0.1,0.1
"(1, 7)",0.1,0.1,0.1,0.1,0.1,0.1,0.1,0.1,0.1,0.1
"(1, 8)",0.1,0.1,0.1,0.1,0.1,0.1,0.1,0.1,0.1,0.1
"(1, 9)",2055.477223108393,1948.1752773550581,1801.417047329662,1648.6135836443714,1901.6849771957513,1944.947587471306,1536.6316898769962,1831.5262240154154,1915.4580130186612,1630.3668845077768
"(1, 10)",0.1,0.1,0.1,0.1,0.1,0.1,0.1,0.1,0.1,0.1
"(1, 11)",0.1,0.1,0.1,0.1,0.1,0.1,0.1,0.1,0.1,0.1
"(1, 12)",0.1,0.1,0.1,0.1,0.1,0.1,0.1,0.1,0.1,0.1
"(1, 13)",0.1,0.1,0.1,0.1,0.1,0.1,0.1,0.1,0.1,0.1
"(1, 14)",0.1,0.1,0.1,0.1,0.1,0.1,0.1,0.1,0.1,0.1
"(1, 15)",0.1,0.1,0.1,0.1,0.1,0.1,0.1,0.1,0.1,0.1
"(1, 16)",0.1,0.1,0.1,0.1,0.1,0.1,0.1,0.1,0.1,0.1
"(1, 17)",0.0,0.0,0.0,0.0,0.0,0.0,0.0,0.0,0.0,0.0
"(1, 18)",0.1,0.1,0.1,0.1,0.1,0.1,0.1,0.1,0.1,0.1
"(1, 19)",0.1,0.1,0.1,0.1,0.1,0.1,0.1,0.1,0.1,0.1
"(1, 20)",0.0,0.0,0.0,0.0,0.0,0.0,0.0,0.0,0.0,0.0
"(1, 21)",0.1,0.1,0.1,0.1,0.1,0.1,0.1,0.1,0.1,0.1
"(1, 22)",0.0,0.0,0.0,0.0,0.0,0.0,0.0,0.0,0.0,0.0
"(1, 23)",0.0,0.0,0.0,0.0,0.0,0.0,0.0,0.0,0.0,0.0
"(2, 0)",0.1,0.1,0.1,0.1,0.1,0.1,0.1,0.1,0.1,0.1
"(2, 1)",0.1,0.1,0.1,0.1,0.1,0.1,0.1,0.1,0.1,0.1
"(2, 2)",0.0,0.0,0.0,0.0,0.0,0.0,0.0,0.0,0.0,0.0
"(2, 3)",0.1,0.1,0.1,0.1,0.1,0.1,0.1,0.1,0.1,0.1
"(2, 4)",0.1,0.1,0.1,0.1,0.1,0.1,0.1,0.1,0.1,0.1
"(2, 5)",0.1,0.1,0.1,0.1,0.1,0.1,0.1,0.1,0.1,0.1
"(2, 6)",0.1,0.1,0.1,0.1,0.1,0.1,0.1,0.1,0.1,0.1
"(2, 7)",0.1,0.1,0.1,0.1,0.1,0.1,0.1,0.1,0.1,0.1
"(2, 8)",0.1,0.1,0.1,0.1,0.1,0.1,0.1,0.1,0.1,0.1
"(2, 9)",0.1,0.1,0.1,0.1,0.1,0.1,0.1,0.1,0.1,0.1
"(2, 10)",0.1,0.1,0.1,0.1,0.1,0.1,0.1,0.1,0.1,0.1
"(2, 11)",0.1,0.1,0.1,0.1,0.1,0.1,0.1,0.1,0.1,0.1
"(2, 12)",0.1,0.1,0.1,0.1,0.1,0.1,0.1,0.1,0.1,0.1
"(2, 13)",0.1,0.1,0.1,0.1,0.1,0.1,0.1,0.1,0.1,0.1
"(2, 14)",0.1,0.1,0.1,0.1,0.1,0.1,0.1,0.1,0.1,0.1
"(2, 15)",0.1,0.1,0.1,0.1,0.1,0.1,0.1,0.1,0.1,0.1
"(2, 16)",0.1,0.1,0.1,0.1,0.1,0.1,0.1,0.1,0.1,0.1
"(2, 17)",0.0,0.0,0.0,0.0,0.0,0.0,0.0,0.0,0.0,0.0
"(2, 18)",0.0,0.0,0.0,0.0,0.0,0.0,0.0,0.0,0.0,0.0
"(2, 19)",0.0,0.0,0.0,0.0,0.0,0.0,0.0,0.0,0.0,0.0
"(2, 20)",0.0,0.0,0.0,0.0,0.0,0.0,0.0,0.0,0.0,0.0
"(2, 21)",588.1529204457884,180.35683375507284,484.3477184584997,508.98798261587615,258.646140845109,143.69977741782398,385.1029773238462,374.8341539283272,162.90585656310466,499.2748585991993
"(2, 22)",861.4874205014851,426.5077678510023,1e-07,322.10766797486826,677.9661363550392,1e-07,613.6459903758516,257.8756471524268,395.5029469383547,381.8244160919511
"(2, 23)",0.0,0.0,0.0,0.0,0.0,0.0,0.0,0.0,0.0,0.0
"(3, 0)",0.1,0.1,0.1,0.1,0.1,0.1,0.1,0.1,0.1,0.1
"(3, 1)",0.1,0.1,0.1,0.1,0.1,0.1,0.1,0.1,0.1,0.1
"(3, 2)",0.1,0.1,0.1,0.1,0.1,0.1,0.1,0.1,0.1,0.1
"(3, 3)",0.0,0.0,0.0,0.0,0.0,0.0,0.0,0.0,0.0,0.0
"(3, 4)",1273.6973776697366,1662.7896328286956,1431.315038851203,1446.4936436182072,1761.9478677815819,1450.9761415409866,1734.0506821279516,1405.9970469350428,1710.0418416210703,1690.7811073953783
"(3, 5)",0.1,0.1,0.1,0.1,0.1,0.1,0.1,0.1,0.1,0.1
"(3, 6)",1047.153237906302,1177.3082778946577,1217.9723707826745,1308.0799270961857,1183.5806641025774,1455.3396172674063,1149.1348110744593,738.4095489443821,1346.8252593765012,1252.097332553818
"(3, 7)",0.1,0.1,0.1,0.1,0.1,0.1,0.1,0.1,0.1,0.1
"(3, 8)",0.1,0.1,0.1,0.1,0.1,0.1,0.1,0.1,0.1,0.1
"(3, 9)",0.1,0.1,0.1,0.1,0.1,0.1,0.1,0.1,0.1,0.1
"(3, 10)",0.1,0.1,0.1,0.1,0.1,0.1,0.1,0.1,0.1,0.1
"(3, 11)",0.1,0.1,0.1,0.1,0.1,0.1,0.1,0.1,0.1,0.1
"(3, 12)",1424.6564913354514,1677.3858564798861,2210.959742114622,1704.7076816905715,1701.9174411505367,1633.5540625730907,1819.8066954733185,1759.8594134288812,2003.4389735755947,1550.261974364148
"(3, 13)",0.1,0.1,0.1,0.1,0.1,0.1,0.1,0.1,0.1,0.1
"(3, 14)",0.1,0.1,0.1,0.1,0.1,0.1,0.1,0.1,0.1,0.1
"(3, 15)",0.1,0.1,0.1,0.1,0.1,0.1,0.1,0.1,0.1,0.1
"(3, 16)",0.1,0.1,0.1,0.1,0.1,0.1,0.1,0.1,0.1,0.1
"(3, 17)",0.1,0.1,0.1,0.1,0.1,0.1,0.1,0.1,0.1,0.1
"(3, 18)",356.85420334691526,719.608977408165,594.4365117167405,379.48139404871625,643.1829088533755,547.9231442049435,685.6857062973157,595.7641092680592,524.1144919321373,604.6032593446577
"(3, 19)",0.1,0.1,0.1,0.1,0.1,0.1,0.1,0.1,0.1,0.1
"(3, 20)",0.1,0.1,0.1,0.1,0.1,0.1,0.1,0.1,0.1,0.1
"(3, 21)",0.1,0.1,0.1,0.1,0.1,0.1,0.1,0.1,0.1,0.1
"(3, 22)",0.1,0.1,0.1,0.1,0.1,0.1,0.1,0.1,0.1,0.1
"(3, 23)",0.1,0.1,0.1,0.1,0.1,0.1,0.1,0.1,0.1,0.1
"(4, 0)",487.78403741693796,319.4623311516056,622.6949212256382,787.2972144543057,884.1490268861909,810.9151866151162,753.3469684113159,883.5010152883251,519.5063009232987,611.0913316677675
"(4, 1)",202.19800032888128,488.18373171806866,322.3455863717315,9.804116561814112,1e-07,255.14755587222788,15.070749046770345,165.4972447833838,244.44440331429087,732.3207874656404
"(4, 2)",0.1,0.1,0.1,0.1,0.1,0.1,0.1,0.1,0.1,0.1
"(4, 3)",0.1,0.1,0.1,0.1,0.1,0.1,0.1,0.1,0.1,0.1
"(4, 4)",0.0,0.0,0.0,0.0,0.0,0.0,0.0,0.0,0.0,0.0
"(4, 5)",0.1,0.1,0.1,0.1,0.1,0.1,0.1,0.1,0.1,0.1
"(4, 6)",0.1,0.1,0.1,0.1,0.1,0.1,0.1,0.1,0.1,0.1
"(4, 7)",0.1,0.1,0.1,0.1,0.1,0.1,0.1,0.1,0.1,0.1
"(4, 8)",0.1,0.1,0.1,0.1,0.1,0.1,0.1,0.1,0.1,0.1
"(4, 9)",3139.1146182734706,3250.603424262089,2706.2174346850597,2998.6016048114107,3006.963029712516,2862.9362942673083,2811.7209215857624,2923.4290385189747,3004.3937572178143,3059.777973319291
"(4, 10)",0.1,0.1,0.1,0.1,0.1,0.1,0.1,0.1,0.1,0.1
"(4, 11)",0.1,0.1,0.1,0.1,0.1,0.1,0.1,0.1,0.1,0.1
"(4, 12)",0.1,0.1,0.1,0.1,0.1,0.1,0.1,0.1,0.1,0.1
"(4, 13)",213.97638156795284,648.718864238121,250.5319497679157,527.3495063890608,68.63687753542891,247.82967552868925,230.68072620920236,15.051803522860553,573.7882212325801,398.2987667405937
"(4, 14)",622.8329410497279,725.5714557500504,634.2376735052386,499.361322194263,937.9700120952666,1019.778434693297,615.6081573282811,401.05141499721515,351.4671413494947,594.8272988441256
"(4, 15)",0.1,0.1,0.1,0.1,0.1,0.1,0.1,0.1,0.1,0.1
"(4, 16)",0.1,0.1,0.1,0.1,0.1,0.1,0.1,0.1,0.1,0.1
"(4, 17)",0.0,0.0,0.0,0.0,0.0,0.0,0.0,0.0,0.0,0.0
"(4, 18)",0.1,0.1,0.1,0.1,0.1,0.1,0.1,0.1,0.1,0.1
"(4, 19)",0.1,0.1,0.1,0.1,0.1,0.1,0.1,0.1,0.1,0.1
"(4, 20)",0.1,0.1,0.1,0.1,0.1,0.1,0.1,0.1,0.1,0.1
"(4, 21)",0.1,0.1,0.1,0.1,0.1,0.1,0.1,0.1,0.1,0.1
"(4, 22)",0.1,0.1,0.1,0.1,0.1,0.1,0.1,0.1,0.1,0.1
"(4, 23)",0.0,0.0,0.0,0.0,0.0,0.0,0.0,0.0,0.0,0.0
"(5, 0)",0.1,0.1,0.1,0.1,0.1,0.1,0.1,0.1,0.1,0.1
"(5, 1)",0.1,0.1,0.1,0.1,0.1,0.1,0.1,0.1,0.1,0.1
"(5, 2)",0.1,0.1,0.1,0.1,0.1,0.1,0.1,0.1,0.1,0.1
"(5, 3)",0.1,0.1,0.1,0.1,0.1,0.1,0.1,0.1,0.1,0.1
"(5, 4)",0.1,0.1,0.1,0.1,0.1,0.1,0.1,0.1,0.1,0.1
"(5, 5)",0.0,0.0,0.0,0.0,0.0,0.0,0.0,0.0,0.0,0.0
"(5, 6)",0.1,0.1,0.1,0.1,0.1,0.1,0.1,0.1,0.1,0.1
"(5, 7)",0.1,0.1,0.1,0.1,0.1,0.1,0.1,0.1,0.1,0.1
"(5, 8)",0.1,0.1,0.1,0.1,0.1,0.1,0.1,0.1,0.1,0.1
"(5, 9)",0.1,0.1,0.1,0.1,0.1,0.1,0.1,0.1,0.1,0.1
"(5, 10)",0.1,0.1,0.1,0.1,0.1,0.1,0.1,0.1,0.1,0.1
"(5, 11)",0.1,0.1,0.1,0.1,0.1,0.1,0.1,0.1,0.1,0.1
"(5, 12)",0.1,0.1,0.1,0.1,0.1,0.1,0.1,0.1,0.1,0.1
"(5, 13)",0.1,0.1,0.1,0.1,0.1,0.1,0.1,0.1,0.1,0.1
"(5, 14)",652.2757082117207,648.6285241609319,599.7992775872481,731.5200089601519,629.013309886776,429.361393966763,511.42841315913387,582.6117938429273,519.449104642332,314.929706373146
"(5, 15)",0.1,0.1,0.1,0.1,0.1,0.1,0.1,0.1,0.1,0.1
"(5, 16)",0.1,0.1,0.1,0.1,0.1,0.1,0.1,0.1,0.1,0.1
"(5, 17)",0.1,0.1,0.1,0.1,0.1,0.1,0.1,0.1,0.1,0.1
"(5, 18)",0.1,0.1,0.1,0.1,0.1,0.1,0.1,0.1,0.1,0.1
"(5, 19)",0.1,0.1,0.1,0.1,0.1,0.1,0.1,0.1,0.1,0.1
"(5, 20)",0.1,0.1,0.1,0.1,0.1,0.1,0.1,0.1,0.1,0.1
"(5, 21)",0.1,0.1,0.1,0.1,0.1,0.1,0.1,0.1,0.1,0.1
"(5, 22)",0.1,0.1,0.1,0.1,0.1,0.1,0.1,0.1,0.1,0.1
"(5, 23)",151.1685318539904,165.57390371468844,436.4389905931817,175.98582685282315,329.1063351847725,380.7514066171169,423.96390076319324,429.4270789939747,131.11390301509397,407.0253294428802
"(6, 0)",0.1,0.1,0.1,0.1,0.1,0.1,0.1,0.1,0.1,0.1
"(6, 1)",0.1,0.1,0.1,0.1,0.1,0.1,0.1,0.1,0.1,0.1
"(6, 2)",316.7317275434719,463.03381911433826,223.1039510069727,569.9357016722051,394.4735755681645,511.48532643908663,220.86201104077523,50.60138227927459,425.31252636646195,562.0169114620951
"(6, 3)",0.1,0.1,0.1,0.1,0.1,0.1,0.1,0.1,0.1,0.1
"(6, 4)",0.1,0.1,0.1,0.1,0.1,0.1,0.1,0.1,0.1,0.1
"(6, 5)",0.1,0.1,0.1,0.1,0.1,0.1,0.1,0.1,0.1,0.1
"(6, 6)",0.0,0.0,0.0,0.0,0.0,0.0,0.0,0.0,0.0,0.0
"(6, 7)",0.1,0.1,0.1,0.1,0.1,0.1,0.1,0.1,0.1,0.1
"(6, 8)",0.1,0.1,0.1,0.1,0.1,0.1,0.1,0.1,0.1,0.1
"(6, 9)",0.1,0.1,0.1,0.1,0.1,0.1,0.1,0.1,0.1,0.1
"(6, 10)",0.1,0.1,0.1,0.1,0.1,0.1,0.1,0.1,0.1,0.1
"(6, 11)",2165.596912077411,2256.3568532194918,2301.637831890083,1965.230135731495,2288.6823467694417,2249.534851911685,2487.0646000579177,2128.7754944752587,2171.689552398097,1901.0527262920568
"(6, 12)",0.1,0.1,0.1,0.1,0.1,0.1,0.1,0.1,0.1,0.1
"(6, 13)",0.1,0.1,0.1,0.1,0.1,0.1,0.1,0.1,0.1,0.1
"(6, 14)",0.1,0.1,0.1,0.1,0.1,0.1,0.1,0.1,0.1,0.1
"(6, 15)",0.1,0.1,0.1,0.1,0.1,0.1,0.1,0.1,0.1,0.1
"(6, 16)",3253.124933187347,2742.759451850929,2872.2700439557584,2778.911203080775,3207.0814474002264,2883.9292078160456,3066.207548645484,2748.3437540689483,2800.4734875581744,2930.6661713447133
"(6, 17)",0.1,0.1,0.1,0.1,0.1,0.1,0.1,0.1,0.1,0.1
"(6, 18)",1101.914683215514,1116.2078401169977,844.8791398348227,1291.698520037985,1768.9803168327917,1063.4711015783455,1376.4265256232948,1234.4504092989625,1502.4719312081966,1107.568182349404
"(6, 19)",0.1,0.1,0.1,0.1,0.1,0.1,0.1,0.1,0.1,0.1
"(6, 20)",0.1,0.1,0.1,0.1,0.1,0.1,0.1,0.1,0.1,0.1
"(6, 21)",0.1,0.1,0.1,0.1,0.1,0.1,0.1,0.1,0.1,0.1
"(6, 22)",0.1,0.1,0.1,0.1,0.1,0.1,0.1,0.1,0.1,0.1
"(6, 23)",0.1,0.1,0.1,0.1,0.1,0.1,0.1,0.1,0.1,0.1
"(7, 0)",0.1,0.1,0.1,0.1,0.1,0.1,0.1,0.1,0.1,0.1
"(7, 1)",0.1,0.1,0.1,0.1,0.1,0.1,0.1,0.1,0.1,0.1
"(7, 2)",0.1,0.1,0.1,0.1,0.1,0.1,0.1,0.1,0.1,0.1
"(7, 3)",0.1,0.1,0.1,0.1,0.1,0.1,0.1,0.1,0.1,0.1
"(7, 4)",0.1,0.1,0.1,0.1,0.1,0.1,0.1,0.1,0.1,0.1
"(7, 5)",0.1,0.1,0.1,0.1,0.1,0.1,0.1,0.1,0.1,0.1
"(7, 6)",0.1,0.1,0.1,0.1,0.1,0.1,0.1,0.1,0.1,0.1
"(7, 7)",0.0,0.0,0.0,0.0,0.0,0.0,0.0,0.0,0.0,0.0
"(7, 8)",0.1,0.1,0.1,0.1,0.1,0.1,0.1,0.1,0.1,0.1
"(7, 9)",0.1,0.1,0.1,0.1,0.1,0.1,0.1,0.1,0.1,0.1
"(7, 10)",0.1,0.1,0.1,0.1,0.1,0.1,0.1,0.1,0.1,0.1
"(7, 11)",1957.1305503009517,1907.3213130159977,1763.828251135034,1885.681638479487,1551.0088444628504,1911.3233056885992,2132.794964276524,1597.3670487026525,2036.9372686407262,2309.373446672508
"(7, 12)",0.1,0.1,0.1,0.1,0.1,0.1,0.1,0.1,0.1,0.1
"(7, 13)",0.1,0.1,0.1,0.1,0.1,0.1,0.1,0.1,0.1,0.1
"(7, 14)",0.1,0.1,0.1,0.1,0.1,0.1,0.1,0.1,0.1,0.1
"(7, 15)",6490.813592511362,6670.856281173862,6560.001129603122,6764.367743582227,6852.635338921836,6579.311836908274,6745.39466348404,6604.104733346453,6611.649381206422,6601.461250445791
"(7, 16)",0.1,0.1,0.1,0.1,0.1,0.1,0.1,0.1,0.1,0.1
"(7, 17)",0.1,0.1,0.1,0.1,0.1,0.1,0.1,0.1,0.1,0.1
"(7, 18)",0.1,0.1,0.1,0.1,0.1,0.1,0.1,0.1,0.1,0.1
"(7, 19)",0.1,0.1,0.1,0.1,0.1,0.1,0.1,0.1,0.1,0.1
"(7, 20)",0.1,0.1,0.1,0.1,0.1,0.1,0.1,0.1,0.1,0.1
"(7, 21)",1423.891644962576,1316.3603378685127,1543.9741885874694,1379.9552167057993,1679.4507940923386,1639.7266166192107,1489.5490059851466,1616.7848404819233,1189.7737583659803,1436.1839381782984
"(7, 22)",905.1994912119004,942.8654796945723,583.6405447755672,686.9853917076375,948.6932006595054,387.2344647715213,711.5432010402068,923.9408570534113,881.3707517310581,1062.0612912779
"(7, 23)",0.1,0.1,0.1,0.1,0.1,0.1,0.1,0.1,0.1,0.1
"(8, 0)",0.1,0.1,0.1,0.1,0.1,0.1,0.1,0.1,0.1,0.1
"(8, 1)",0.1,0.1,0.1,0.1,0.1,0.1,0.1,0.1,0.1,0.1
"(8, 2)",271.56490098243717,288.18709434984584,121.62550419183785,631.6873431602766,392.50388829592185,68.85095436625221,1e-07,169.4755669666247,1e-07,165.3576672828408
"(8, 3)",0.1,0.1,0.1,0.1,0.1,0.1,0.1,0.1,0.1,0.1
"(8, 4)",0.1,0.1,0.1,0.1,0.1,0.1,0.1,0.1,0.1,0.1
"(8, 5)",0.1,0.1,0.1,0.1,0.1,0.1,0.1,0.1,0.1,0.1
"(8, 6)",0.1,0.1,0.1,0.1,0.1,0.1,0.1,0.1,0.1,0.1
"(8, 7)",0.1,0.1,0.1,0.1,0.1,0.1,0.1,0.1,0.1,0.1
"(8, 8)",0.0,0.0,0.0,0.0,0.0,0.0,0.0,0.0,0.0,0.0
"(8, 9)",0.1,0.1,0.1,0.1,0.1,0.1,0.1,0.1,0.1,0.1
"(8, 10)",0.1,0.1,0.1,0.1,0.1,0.1,0.1,0.1,0.1,0.1
"(8, 11)",0.1,0.1,0.1,0.1,0.1,0.1,0.1,0.1,0.1,0.1
"(8, 12)",0.1,0.1,0.1,0.1,0.1,0.1,0.1,0.1,0.1,0.1
"(8, 13)",1449.8188307386897,2006.3610682879219,1973.9918396041367,1690.3455686960704,1860.208506132969,1868.264281106471,1846.1032676762993,1716.9855057333946,1789.462128751527,1828.6116817461461
"(8, 14)",0.1,0.1,0.1,0.1,0.1,0.1,0.1,0.1,0.1,0.1
"(8, 15)",0.1,0.1,0.1,0.1,0.1,0.1,0.1,0.1,0.1,0.1
"(8, 16)",0.1,0.1,0.1,0.1,0.1,0.1,0.1,0.1,0.1,0.1
"(8, 17)",0.1,0.1,0.1,0.1,0.1,0.1,0.1,0.1,0.1,0.1
"(8, 18)",1213.9132313121715,1005.097823115881,1296.916453975006,1184.8315129619616,1353.3466405658112,1131.5919533884985,1420.7050552619428,863.5932595706784,1122.3067044239954,1008.0091318670602
"(8, 19)",0.1,0.1,0.1,0.1,0.1,0.1,0.1,0.1,0.1,0.1
"(8, 20)",0.1,0.1,0.1,0.1,0.1,0.1,0.1,0.1,0.1,0.1
"(8, 21)",0.1,0.1,0.1,0.1,0.1,0.1,0.1,0.1,0.1,0.1
"(8, 22)",0.1,0.1,0.1,0.1,0.1,0.1,0.1,0.1,0.1,0.1
"(8, 23)",0.1,0.1,0.1,0.1,0.1,0.1,0.1,0.1,0.1,0.1
"(9, 0)",0.1,0.1,0.1,0.1,0.1,0.1,0.1,0.1,0.1,0.1
"(9, 1)",0.1,0.1,0.1,0.1,0.1,0.1,0.1,0.1,0.1,0.1
"(9, 2)",0.1,0.1,0.1,0.1,0.1,0.1,0.1,0.1,0.1,0.1
"(9, 3)",0.1,0.1,0.1,0.1,0.1,0.1,0.1,0.1,0.1,0.1
"(9, 4)",0.1,0.1,0.1,0.1,0.1,0.1,0.1,0.1,0.1,0.1
"(9, 5)",0.1,0.1,0.1,0.1,0.1,0.1,0.1,0.1,0.1,0.1
"(9, 6)",0.1,0.1,0.1,0.1,0.1,0.1,0.1,0.1,0.1,0.1
"(9, 7)",4677.084291536323,4663.179835988243,5056.751045551691,4546.784686355692,4636.285029404363,4788.977147244269,4864.082125647201,5209.649572709528,4711.007836520592,4976.661150067077
"(9, 8)",0.1,0.1,0.1,0.1,0.1,0.1,0.1,0.1,0.1,0.1
"(9, 9)",0.0,0.0,0.0,0.0,0.0,0.0,0.0,0.0,0.0,0.0
"(9, 10)",0.1,0.1,0.1,0.1,0.1,0.1,0.1,0.1,0.1,0.1
"(9, 11)",0.1,0.1,0.1,0.1,0.1,0.1,0.1,0.1,0.1,0.1
"(9, 12)",0.1,0.1,0.1,0.1,0.1,0.1,0.1,0.1,0.1,0.1
"(9, 13)",0.1,0.1,0.1,0.1,0.1,0.1,0.1,0.1,0.1,0.1
"(9, 14)",0.1,0.1,0.1,0.1,0.1,0.1,0.1,0.1,0.1,0.1
"(9, 15)",0.1,0.1,0.1,0.1,0.1,0.1,0.1,0.1,0.1,0.1
"(9, 16)",11684.943628229383,11769.152714541027,11797.990455083274,11415.779604190207,11681.494862923122,11790.243538827408,11689.453894272974,11631.807658353327,11702.381910689728,11630.882736415817
"(9, 17)",0.1,0.1,0.1,0.1,0.1,0.1,0.1,0.1,0.1,0.1
"(9, 18)",0.1,0.1,0.1,0.1,0.1,0.1,0.1,0.1,0.1,0.1
"(9, 19)",0.1,0.1,0.1,0.1,0.1,0.1,0.1,0.1,0.1,0.1
"(9, 20)",0.1,0.1,0.1,0.1,0.1,0.1,0.1,0.1,0.1,0.1
"(9, 21)",0.1,0.1,0.1,0.1,0.1,0.1,0.1,0.1,0.1,0.1
"(9, 22)",0.1,0.1,0.1,0.1,0.1,0.1,0.1,0.1,0.1,0.1
"(9, 23)",0.1,0.1,0.1,0.1,0.1,0.1,0.1,0.1,0.1,0.1
"(10, 0)",0.1,0.1,0.1,0.1,0.1,0.1,0.1,0.1,0.1,0.1
"(10, 1)",0.1,0.1,0.1,0.1,0.1,0.1,0.1,0.1,0.1,0.1
"(10, 2)",976.9889617472116,866.9979857625935,880.2911298785465,609.9325060646083,901.0393173263396,730.7612973072823,882.6425442189231,1124.4917619860055,812.5343091203067,857.7573994245703
"(10, 3)",0.1,0.1,0.1,0.1,0.1,0.1,0.1,0.1,0.1,0.1
"(10, 4)",0.1,0.1,0.1,0.1,0.1,0.1,0.1,0.1,0.1,0.1
"(10, 5)",0.1,0.1,0.1,0.1,0.1,0.1,0.1,0.1,0.1,0.1
"(10, 6)",0.1,0.1,0.1,0.1,0.1,0.1,0.1,0.1,0.1,0.1
"(10, 7)",0.1,0.1,0.1,0.1,0.1,0.1,0.1,0.1,0.1,0.1
"(10, 8)",0.1,0.1,0.1,0.1,0.1,0.1,0.1,0.1,0.1,0.1
"(10, 9)",11688.230937676271,11476.439214488175,12000.90375550744,11679.147178518157,12123.912936947532,11704.108180393929,11720.961830358208,11734.22773298113,11550.623208525367,11715.706295889928
"(10, 10)",0.0,0.0,0.0,0.0,0.0,0.0,0.0,0.0,0.0,0.0
"(10, 11)",0.1,0.1,0.1,0.1,0.1,0.1,0.1,0.1,0.1,0.1
"(10, 12)",0.1,0.1,0.1,0.1,0.1,0.1,0.1,0.1,0.1,0.1
"(10, 13)",5139.983978020604,4481.619221162633,4404.792557256367,4735.711444707981,4838.315095717777,4503.183723626772,5317.110418050375,4864.181334719484,4744.142160157987,4985.903774690939
"(10, 14)",0.1,0.1,0.1,0.1,0.1,0.1,0.1,0.1,0.1,0.1
"(10, 15)",3736.56898581827,4087.134121108015,3976.4015802377135,4352.031734482976,4314.072853794477,4199.115808985659,4204.924331657806,4130.6274736958485,4151.562358894249,4394.507385952581
"(10, 16)",0.1,0.1,0.1,0.1,0.1,0.1,0.1,0.1,0.1,0.1
"(10, 17)",0.1,0.1,0.1,0.1,0.1,0.1,0.1,0.1,0.1,0.1
"(10, 18)",0.1,0.1,0.1,0.1,0.1,0.1,0.1,0.1,0.1,0.1
"(10, 19)",0.1,0.1,0.1,0.1,0.1,0.1,0.1,0.1,0.1,0.1
"(10, 20)",0.1,0.1,0.1,0.1,0.1,0.1,0.1,0.1,0.1,0.1
"(10, 21)",0.1,0.1,0.1,0.1,0.1,0.1,0.1,0.1,0.1,0.1
"(10, 22)",0.1,0.1,0.1,0.1,0.1,0.1,0.1,0.1,0.1,0.1
"(10, 23)",0.1,0.1,0.1,0.1,0.1,0.1,0.1,0.1,0.1,0.1
"(11, 0)",0.1,0.1,0.1,0.1,0.1,0.1,0.1,0.1,0.1,0.1
"(11, 1)",0.1,0.1,0.1,0.1,0.1,0.1,0.1,0.1,0.1,0.1
"(11, 2)",0.1,0.1,0.1,0.1,0.1,0.1,0.1,0.1,0.1,0.1
"(11, 3)",0.1,0.1,0.1,0.1,0.1,0.1,0.1,0.1,0.1,0.1
"(11, 4)",0.1,0.1,0.1,0.1,0.1,0.1,0.1,0.1,0.1,0.1
"(11, 5)",0.1,0.1,0.1,0.1,0.1,0.1,0.1,0.1,0.1,0.1
"(11, 6)",0.1,0.1,0.1,0.1,0.1,0.1,0.1,0.1,0.1,0.1
"(11, 7)",0.1,0.1,0.1,0.1,0.1,0.1,0.1,0.1,0.1,0.1
"(11, 8)",0.1,0.1,0.1,0.1,0.1,0.1,0.1,0.1,0.1,0.1
"(11, 9)",0.1,0.1,0.1,0.1,0.1,0.1,0.1,0.1,0.1,0.1
"(11, 10)",0.1,0.1,0.1,0.1,0.1,0.1,0.1,0.1,0.1,0.1
"(11, 11)",0.0,0.0,0.0,0.0,0.0,0.0,0.0,0.0,0.0,0.0
"(11, 12)",0.1,0.1,0.1,0.1,0.1,0.1,0.1,0.1,0.1,0.1
"(11, 13)",1987.0833921903666,1800.936743971752,1686.4410115726484,2649.2913524737023,2451.67377221375,1881.1401183785258,1924.2041947814735,2225.5269440977213,2234.787357759415,2116.210763086146
"(11, 14)",2209.2176912149134,2469.49408986247,1871.1171383496783,1903.7553261017158,2298.816517313377,1913.101757626219,1803.2025607534838,1942.9523831538888,1776.436667597864,1897.044608672852
"(11, 15)",0.1,0.1,0.1,0.1,0.1,0.1,0.1,0.1,0.1,0.1
"(11, 16)",0.1,0.1,0.1,0.1,0.1,0.1,0.1,0.1,0.1,0.1
"(11, 17)",0.1,0.1,0.1,0.1,0.1,0.1,0.1,0.1,0.1,0.1
"(11, 18)",0.1,0.1,0.1,0.1,0.1,0.1,0.1,0.1,0.1,0.1
"(11, 19)",0.1,0.1,0.1,0.1,0.1,0.1,0.1,0.1,0.1,0.1
"(11, 20)",0.1,0.1,0.1,0.1,0.1,0.1,0.1,0.1,0.1,0.1
"(11, 21)",1940.181990313555,2088.049519670065,2204.0487477348684,2255.3806324528555,2140.630325480726,1714.144618489243,1834.7111525362398,2107.286922990281,2148.2339237139017,2014.840855727466
"(11, 22)",1880.8644727538474,2165.0684182392997,2083.788320030373,2382.107000995375,2209.2433704111163,2077.522199721636,2060.6597895386503,2219.7898483891227,1781.4098930404048,2134.8622281900543
"(11, 23)",0.1,0.1,0.1,0.1,0.1,0.1,0.1,0.1,0.1,0.1
"(12, 0)",0.1,0.1,0.1,0.1,0.1,0.1,0.1,0.1,0.1,0.1
"(12, 1)",0.1,0.1,0.1,0.1,0.1,0.1,0.1,0.1,0.1,0.1
"(12, 2)",113.71855408570696,373.2856736623189,583.9716219667084,87.8701120854524,383.2261694728873,205.04688922737043,286.1962943562285,212.62537235067845,372.4653574567398,324.0996790135512
"(12, 3)",0.1,0.1,0.1,0.1,0.1,0.1,0.1,0.1,0.1,0.1
"(12, 4)",0.1,0.1,0.1,0.1,0.1,0.1,0.1,0.1,0.1,0.1
"(12, 5)",605.6046205157253,540.9099099484263,563.2868170382249,573.9224083894533,288.9629091829021,232.97906506053602,270.30490226505026,745.6710873922653,535.2961010832935,914.3678354905021
"(12, 6)",0.1,0.1,0.1,0.1,0.1,0.1,0.1,0.1,0.1,0.1
"(12, 7)",0.1,0.1,0.1,0.1,0.1,0.1,0.1,0.1,0.1,0.1
"(12, 8)",0.1,0.1,0.1,0.1,0.1,0.1,0.1,0.1,0.1,0.1
"(12, 9)",6223.699318812762,5750.269196456806,5697.318777417031,5638.04403477479,5696.990242305205,6134.986267542916,5986.591470934047,5201.779359238276,6077.0224330307465,5738.724529714322
"(12, 10)",0.1,0.1,0.1,0.1,0.1,0.1,0.1,0.1,0.1,0.1
"(12, 11)",0.1,0.1,0.1,0.1,0.1,0.1,0.1,0.1,0.1,0.1
"(12, 12)",0.0,0.0,0.0,0.0,0.0,0.0,0.0,0.0,0.0,0.0
"(12, 13)",0.1,0.1,0.1,0.1,0.1,0.1,0.1,0.1,0.1,0.1
"(12, 14)",1806.9855810812526,2575.4894684692736,2099.7011775286146,2134.0184529582293,2126.2184591647456,2296.2976512077653,2029.6216641186854,2370.640600976555,1832.3523027506626,2224.5843073389774
"(12, 15)",1789.9226917603257,1712.127529987524,1818.2721311117057,1709.6545200137505,1539.9115798969801,1829.1313036909587,1931.7443267868287,1894.0138680867055,2140.5237593252536,1647.4261946536694
"(12, 16)",0.1,0.1,0.1,0.1,0.1,0.1,0.1,0.1,0.1,0.1
"(12, 17)",217.55840199148628,272.1949633104724,9.650357298798212,551.4463361436083,145.0464694095598,134.85510007384545,28.842430451056487,374.56855530929926,70.43261364734792,279.1571892323203
"(12, 18)",0.1,0.1,0.1,0.1,0.1,0.1,0.1,0.1,0.1,0.1
"(12, 19)",0.1,0.1,0.1,0.1,0.1,0.1,0.1,0.1,0.1,0.1
"(12, 20)",0.1,0.1,0.1,0.1,0.1,0.1,0.1,0.1,0.1,0.1
"(12, 21)",0.1,0.1,0.1,0.1,0.1,0.1,0.1,0.1,0.1,0.1
"(12, 22)",0.1,0.1,0.1,0.1,0.1,0.1,0.1,0.1,0.1,0.1
"(12, 23)",0.1,0.1,0.1,0.1,0.1,0.1,0.1,0.1,0.1,0.1
"(13, 0)",0.1,0.1,0.1,0.1,0.1,0.1,0.1,0.1,0.1,0.1
"(13, 1)",0.1,0.1,0.1,0.1,0.1,0.1,0.1,0.1,0.1,0.1
"(13, 2)",0.1,0.1,0.1,0.1,0.1,0.1,0.1,0.1,0.1,0.1
"(13, 3)",0.1,0.1,0.1,0.1,0.1,0.1,0.1,0.1,0.1,0.1
"(13, 4)",0.1,0.1,0.1,0.1,0.1,0.1,0.1,0.1,0.1,0.1
"(13, 5)",0.1,0.1,0.1,0.1,0.1,0.1,0.1,0.1,0.1,0.1
"(13, 6)",0.1,0.1,0.1,0.1,0.1,0.1,0.1,0.1,0.1,0.1
"(13, 7)",0.1,0.1,0.1,0.1,0.1,0.1,0.1,0.1,0.1,0.1
"(13, 8)",0.1,0.1,0.1,0.1,0.1,0.1,0.1,0.1,0.1,0.1
"(13, 9)",0.1,0.1,0.1,0.1,0.1,0.1,0.1,0.1,0.1,0.1
"(13, 10)",0.1,0.1,0.1,0.1,0.1,0.1,0.1,0.1,0.1,0.1
"(13, 11)",0.1,0.1,0.1,0.1,0.1,0.1,0.1,0.1,0.1,0.1
"(13, 12)",0.1,0.1,0.1,0.1,0.1,0.1,0.1,0.1,0.1,0.1
"(13, 13)",0.0,0.0,0.0,0.0,0.0,0.0,0.0,0.0,0.0,0.0
"(13, 14)",0.1,0.1,0.1,0.1,0.1,0.1,0.1,0.1,0.1,0.1
"(13, 15)",0.1,0.1,0.1,0.1,0.1,0.1,0.1,0.1,0.1,0.1
"(13, 16)",0.1,0.1,0.1,0.1,0.1,0.1,0.1,0.1,0.1,0.1
"(13, 17)",0.1,0.1,0.1,0.1,0.1,0.1,0.1,0.1,0.1,0.1
"(13, 18)",0.1,0.1,0.1,0.1,0.1,0.1,0.1,0.1,0.1,0.1
"(13, 19)",0.1,0.1,0.1,0.1,0.1,0.1,0.1,0.1,0.1,0.1
"(13, 20)",0.1,0.1,0.1,0.1,0.1,0.1,0.1,0.1,0.1,0.1
"(13, 21)",0.1,0.1,0.1,0.1,0.1,0.1,0.1,0.1,0.1,0.1
"(13, 22)",0.1,0.1,0.1,0.1,0.1,0.1,0.1,0.1,0.1,0.1
"(13, 23)",0.1,0.1,0.1,0.1,0.1,0.1,0.1,0.1,0.1,0.1
"(14, 0)",0.1,0.1,0.1,0.1,0.1,0.1,0.1,0.1,0.1,0.1
"(14, 1)",0.1,0.1,0.1,0.1,0.1,0.1,0.1,0.1,0.1,0.1
"(14, 2)",0.1,0.1,0.1,0.1,0.1,0.1,0.1,0.1,0.1,0.1
"(14, 3)",0.1,0.1,0.1,0.1,0.1,0.1,0.1,0.1,0.1,0.1
"(14, 4)",0.1,0.1,0.1,0.1,0.1,0.1,0.1,0.1,0.1,0.1
"(14, 5)",0.1,0.1,0.1,0.1,0.1,0.1,0.1,0.1,0.1,0.1
"(14, 6)",0.1,0.1,0.1,0.1,0.1,0.1,0.1,0.1,0.1,0.1
"(14, 7)",0.1,0.1,0.1,0.1,0.1,0.1,0.1,0.1,0.1,0.1
"(14, 8)",0.1,0.1,0.1,0.1,0.1,0.1,0.1,0.1,0.1,0.1
"(14, 9)",0.1,0.1,0.1,0.1,0.1,0.1,0.1,0.1,0.1,0.1
"(14, 10)",0.1,0.1,0.1,0.1,0.1,0.1,0.1,0.1,0.1,0.1
"(14, 11)",0.1,0.1,0.1,0.1,0.1,0.1,0.1,0.1,0.1,0.1
"(14, 12)",0.1,0.1,0.1,0.1,0.1,0.1,0.1,0.1,0.1,0.1
"(14, 13)",0.1,0.1,0.1,0.1,0.1,0.1,0.1,0.1,0.1,0.1
"(14, 14)",0.0,0.0,0.0,0.0,0.0,0.0,0.0,0.0,0.0,0.0
"(14, 15)",0.1,0.1,0.1,0.1,0.1,0.1,0.1,0.1,0.1,0.1
"(14, 16)",0.1,0.1,0.1,0.1,0.1,0.1,0.1,0.1,0.1,0.1
"(14, 17)",0.1,0.1,0.1,0.1,0.1,0.1,0.1,0.1,0.1,0.1
"(14, 18)",0.1,0.1,0.1,0.1,0.1,0.1,0.1,0.1,0.1,0.1
"(14, 19)",0.1,0.1,0.1,0.1,0.1,0.1,0.1,0.1,0.1,0.1
"(14, 20)",0.1,0.1,0.1,0.1,0.1,0.1,0.1,0.1,0.1,0.1
"(14, 21)",0.1,0.1,0.1,0.1,0.1,0.1,0.1,0.1,0.1,0.1
"(14, 22)",0.1,0.1,0.1,0.1,0.1,0.1,0.1,0.1,0.1,0.1
"(14, 23)",0.1,0.1,0.1,0.1,0.1,0.1,0.1,0.1,0.1,0.1
"(15, 0)",0.1,0.1,0.1,0.1,0.1,0.1,0.1,0.1,0.1,0.1
"(15, 1)",0.1,0.1,0.1,0.1,0.1,0.1,0.1,0.1,0.1,0.1
"(15, 2)",0.1,0.1,0.1,0.1,0.1,0.1,0.1,0.1,0.1,0.1
"(15, 3)",0.1,0.1,0.1,0.1,0.1,0.1,0.1,0.1,0.1,0.1
"(15, 4)",0.1,0.1,0.1,0.1,0.1,0.1,0.1,0.1,0.1,0.1
"(15, 5)",0.1,0.1,0.1,0.1,0.1,0.1,0.1,0.1,0.1,0.1
"(15, 6)",0.1,0.1,0.1,0.1,0.1,0.1,0.1,0.1,0.1,0.1
"(15, 7)",0.1,0.1,0.1,0.1,0.1,0.1,0.1,0.1,0.1,0.1
"(15, 8)",0.1,0.1,0.1,0.1,0.1,0.1,0.1,0.1,0.1,0.1
"(15, 9)",0.1,0.1,0.1,0.1,0.1,0.1,0.1,0.1,0.1,0.1
"(15, 10)",0.1,0.1,0.1,0.1,0.1,0.1,0.1,0.1,0.1,0.1
"(15, 11)",0.1,0.1,0.1,0.1,0.1,0.1,0.1,0.1,0.1,0.1
"(15, 12)",0.1,0.1,0.1,0.1,0.1,0.1,0.1,0.1,0.1,0.1
"(15, 13)",0.1,0.1,0.1,0.1,0.1,0.1,0.1,0.1,0.1,0.1
"(15, 14)",0.1,0.1,0.1,0.1,0.1,0.1,0.1,0.1,0.1,0.1
"(15, 15)",0.0,0.0,0.0,0.0,0.0,0.0,0.0,0.0,0.0,0.0
"(15, 16)",0.1,0.1,0.1,0.1,0.1,0.1,0.1,0.1,0.1,0.1
"(15, 17)",0.1,0.1,0.1,0.1,0.1,0.1,0.1,0.1,0.1,0.1
"(15, 18)",0.1,0.1,0.1,0.1,0.1,0.1,0.1,0.1,0.1,0.1
"(15, 19)",0.1,0.1,0.1,0.1,0.1,0.1,0.1,0.1,0.1,0.1
"(15, 20)",0.1,0.1,0.1,0.1,0.1,0.1,0.1,0.1,0.1,0.1
"(15, 21)",0.1,0.1,0.1,0.1,0.1,0.1,0.1,0.1,0.1,0.1
"(15, 22)",0.1,0.1,0.1,0.1,0.1,0.1,0.1,0.1,0.1,0.1
"(15, 23)",0.1,0.1,0.1,0.1,0.1,0.1,0.1,0.1,0.1,0.1
"(16, 0)",0.1,0.1,0.1,0.1,0.1,0.1,0.1,0.1,0.1,0.1
"(16, 1)",0.1,0.1,0.1,0.1,0.1,0.1,0.1,0.1,0.1,0.1
"(16, 2)",586.5631440887785,58.40456770506674,598.9880330706753,27.56764534898838,221.69143182263218,198.23730042131604,1e-07,563.4669739411902,395.86258195362893,423.92058422868956
"(16, 3)",0.1,0.1,0.1,0.1,0.1,0.1,0.1,0.1,0.1,0.1
"(16, 4)",0.1,0.1,0.1,0.1,0.1,0.1,0.1,0.1,0.1,0.1
"(16, 5)",0.1,0.1,0.1,0.1,0.1,0.1,0.1,0.1,0.1,0.1
"(16, 6)",0.1,0.1,0.1,0.1,0.1,0.1,0.1,0.1,0.1,0.1
"(16, 7)",0.1,0.1,0.1,0.1,0.1,0.1,0.1,0.1,0.1,0.1
"(16, 8)",0.1,0.1,0.1,0.1,0.1,0.1,0.1,0.1,0.1,0.1
"(16, 9)",0.1,0.1,0.1,0.1,0.1,0.1,0.1,0.1,0.1,0.1
"(16, 10)",0.1,0.1,0.1,0.1,0.1,0.1,0.1,0.1,0.1,0.1
"(16, 11)",0.1,0.1,0.1,0.1,0.1,0.1,0.1,0.1,0.1,0.1
"(16, 12)",0.1,0.1,0.1,0.1,0.1,0.1,0.1,0.1,0.1,0.1
"(16, 13)",0.1,0.1,0.1,0.1,0.1,0.1,0.1,0.1,0.1,0.1
"(16, 14)",0.1,0.1,0.1,0.1,0.1,0.1,0.1,0.1,0.1,0.1
"(16, 15)",0.1,0.1,0.1,0.1,0.1,0.1,0.1,0.1,0.1,0.1
"(16, 16)",0.0,0.0,0.0,0.0,0.0,0.0,0.0,0.0,0.0,0.0
"(16, 17)",0.1,0.1,0.1,0.1,0.1,0.1,0.1,0.1,0.1,0.1
"(16, 18)",0.1,0.1,0.1,0.1,0.1,0.1,0.1,0.1,0.1,0.1
"(16, 19)",0.1,0.1,0.1,0.1,0.1,0.1,0.1,0.1,0.1,0.1
"(16, 20)",0.1,0.1,0.1,0.1,0.1,0.1,0.1,0.1,0.1,0.1
"(16, 21)",0.1,0.1,0.1,0.1,0.1,0.1,0.1,0.1,0.1,0.1
"(16, 22)",0.1,0.1,0.1,0.1,0.1,0.1,0.1,0.1,0.1,0.1
"(16, 23)",0.1,0.1,0.1,0.1,0.1,0.1,0.1,0.1,0.1,0.1
"(17, 0)",471.2010409191513,214.060977853836,287.5961123709104,302.09709381909204,540.8762646540854,437.64571361648314,337.3111855067164,1e-07,151.52688755419194,438.44192786598273
"(17, 1)",0.0,0.0,0.0,0.0,0.0,0.0,0.0,0.0,0.0,0.0
"(17, 2)",0.0,0.0,0.0,0.0,0.0,0.0,0.0,0.0,0.0,0.0
"(17, 3)",0.1,0.1,0.1,0.1,0.1,0.1,0.1,0.1,0.1,0.1
"(17, 4)",0.0,0.0,0.0,0.0,0.0,0.0,0.0,0.0,0.0,0.0
"(17, 5)",372.3026336664514,40.64263887062981,266.3097346228056,336.65742302669753,294.4143190978732,1e-07,1e-07,310.5975823928905,230.51217130748296,441.53527947990574
"(17, 6)",0.1,0.1,0.1,0.1,0.1,0.1,0.1,0.1,0.1,0.1
"(17, 7)",0.1,0.1,0.1,0.1,0.1,0.1,0.1,0.1,0.1,0.1
"(17, 8)",671.7365464524896,431.31610827204736,747.9245571071014,726.4889007093377,442.4784796827803,382.68448691425067,417.42503318023125,746.6505702181959,362.9215478884015,374.001976508854
"(17, 9)",0.1,0.1,0.1,0.1,0.1,0.1,0.1,0.1,0.1,0.1
"(17, 10)",0.1,0.1,0.1,0.1,0.1,0.1,0.1,0.1,0.1,0.1
"(17, 11)",0.1,0.1,0.1,0.1,0.1,0.1,0.1,0.1,0.1,0.1
"(17, 12)",207.03262569234923,291.20592980146984,38.970792096261675,263.4756581209883,386.128701149455,178.03655337776962,1e-07,134.55160608154074,233.50939083945502,240.26067360432944
"(17, 13)",0.1,0.1,0.1,0.1,0.1,0.1,0.1,0.1,0.1,0.1
"(17, 14)",0.1,0.1,0.1,0.1,0.1,0.1,0.1,0.1,0.1,0.1
"(17, 15)",0.1,0.1,0.1,0.1,0.1,0.1,0.1,0.1,0.1,0.1
"(17, 16)",0.1,0.1,0.1,0.1,0.1,0.1,0.1,0.1,0.1,0.1
"(17, 17)",0.0,0.0,0.0,0.0,0.0,0.0,0.0,0.0,0.0,0.0
"(17, 18)",0.1,0.1,0.1,0.1,0.1,0.1,0.1,0.1,0.1,0.1
"(17, 19)",0.1,0.1,0.1,0.1,0.1,0.1,0.1,0.1,0.1,0.1
"(17, 20)",0.1,0.1,0.1,0.1,0.1,0.1,0.1,0.1,0.1,0.1
"(17, 21)",0.1,0.1,0.1,0.1,0.1,0.1,0.1,0.1,0.1,0.1
"(17, 22)",1e-07,523.0802883309781,206.31769362276222,155.85800767920998,17.649303261354873,441.76106166822433,229.71276695171147,318.82569494554537,287.08253705386136,386.5887986575244
"(17, 23)",0.0,0.0,0.0,0.0,0.0,0.0,0.0,0.0,0.0,0.0
"(18, 0)",0.1,0.1,0.1,0.1,0.1,0.1,0.1,0.1,0.1,0.1
"(18, 1)",0.1,0.1,0.1,0.1,0.1,0.1,0.1,0.1,0.1,0.1
"(18, 2)",0.0,0.0,0.0,0.0,0.0,0.0,0.0,0.0,0.0,0.0
"(18, 3)",0.1,0.1,0.1,0.1,0.1,0.1,0.1,0.1,0.1,0.1
"(18, 4)",0.1,0.1,0.1,0.1,0.1,0.1,0.1,0.1,0.1,0.1
"(18, 5)",0.1,0.1,0.1,0.1,0.1,0.1,0.1,0.1,0.1,0.1
"(18, 6)",0.1,0.1,0.1,0.1,0.1,0.1,0.1,0.1,0.1,0.1
"(18, 7)",0.1,0.1,0.1,0.1,0.1,0.1,0.1,0.1,0.1,0.1
"(18, 8)",0.1,0.1,0.1,0.1,0.1,0.1,0.1,0.1,0.1,0.1
"(18, 9)",5465.610830053129,5270.515058181163,5749.261463645186,5796.1986528060015,4993.912288061908,5075.717276589815,5405.15359992321,5083.182747480711,5883.123958186627,5343.187112414744
"(18, 10)",0.1,0.1,0.1,0.1,0.1,0.1,0.1,0.1,0.1,0.1
"(18, 11)",765.5103170700263,682.8653358488623,1236.3101974802394,1057.9274404689072,922.7462037115656,706.6343739320918,1142.1885050212131,691.7839730150286,896.0143035258593,1139.5788654156036
"(18, 12)",930.0020320910346,690.299169330229,848.4619717654697,706.4842335676647,962.2595792395568,708.2978750315586,931.4390633857358,1062.3185683727838,1195.0224526467755,920.6418977100898
"(18, 13)",0.1,0.1,0.1,0.1,0.1,0.1,0.1,0.1,0.1,0.1
"(18, 14)",0.1,0.1,0.1,0.1,0.1,0.1,0.1,0.1,0.1,0.1
"(18, 15)",3916.5584876424755,3981.485683819247,3943.587729382406,3924.6861449361436,3882.5358028006385,3959.1856494639237,4124.051855082489,3925.7083138456874,4104.3626560831135,4083.9808114695356
"(18, 16)",0.1,0.1,0.1,0.1,0.1,0.1,0.1,0.1,0.1,0.1
"(18, 17)",0.1,0.1,0.1,0.1,0.1,0.1,0.1,0.1,0.1,0.1
"(18, 18)",0.0,0.0,0.0,0.0,0.0,0.0,0.0,0.0,0.0,0.0
"(18, 19)",3460.089466861013,3388.7970517964886,3837.9965052289463,3521.124799021335,3636.7757446806563,3671.1998673435837,3896.9491030117297,3540.841071765576,3504.0794604161765,3697.21337173306
"(18, 20)",0.1,0.1,0.1,0.1,0.1,0.1,0.1,0.1,0.1,0.1
"(18, 21)",0.1,0.1,0.1,0.1,0.1,0.1,0.1,0.1,0.1,0.1
"(18, 22)",0.1,0.1,0.1,0.1,0.1,0.1,0.1,0.1,0.1,0.1
"(18, 23)",0.1,0.1,0.1,0.1,0.1,0.1,0.1,0.1,0.1,0.1
"(19, 0)",0.1,0.1,0.1,0.1,0.1,0.1,0.1,0.1,0.1,0.1
"(19, 1)",0.1,0.1,0.1,0.1,0.1,0.1,0.1,0.1,0.1,0.1
"(19, 2)",0.0,0.0,0.0,0.0,0.0,0.0,0.0,0.0,0.0,0.0
"(19, 3)",0.1,0.1,0.1,0.1,0.1,0.1,0.1,0.1,0.1,0.1
"(19, 4)",0.1,0.1,0.1,0.1,0.1,0.1,0.1,0.1,0.1,0.1
"(19, 5)",1037.4946188634078,660.65683107598,826.1520584066545,854.2686989050799,922.0633306092284,1024.7435384593082,855.8136160924079,955.419870003851,973.4614285786856,580.331524894999
"(19, 6)",0.1,0.1,0.1,0.1,0.1,0.1,0.1,0.1,0.1,0.1
"(19, 7)",0.1,0.1,0.1,0.1,0.1,0.1,0.1,0.1,0.1,0.1
"(19, 8)",0.1,0.1,0.1,0.1,0.1,0.1,0.1,0.1,0.1,0.1
"(19, 9)",0.1,0.1,0.1,0.1,0.1,0.1,0.1,0.1,0.1,0.1
"(19, 10)",0.1,0.1,0.1,0.1,0.1,0.1,0.1,0.1,0.1,0.1
"(19, 11)",0.1,0.1,0.1,0.1,0.1,0.1,0.1,0.1,0.1,0.1
"(19, 12)",0.1,0.1,0.1,0.1,0.1,0.1,0.1,0.1,0.1,0.1
"(19, 13)",0.1,0.1,0.1,0.1,0.1,0.1,0.1,0.1,0.1,0.1
"(19, 14)",0.1,0.1,0.1,0.1,0.1,0.1,0.1,0.1,0.1,0.1
"(19, 15)",0.1,0.1,0.1,0.1,0.1,0.1,0.1,0.1,0.1,0.1
"(19, 16)",0.1,0.1,0.1,0.1,0.1,0.1,0.1,0.1,0.1,0.1
"(19, 17)",0.1,0.1,0.1,0.1,0.1,0.1,0.1,0.1,0.1,0.1
"(19, 18)",0.1,0.1,0.1,0.1,0.1,0.1,0.1,0.1,0.1,0.1
"(19, 19)",0.0,0.0,0.0,0.0,0.0,0.0,0.0,0.0,0.0,0.0
"(19, 20)",0.1,0.1,0.1,0.1,0.1,0.1,0.1,0.1,0.1,0.1
"(19, 21)",0.1,0.1,0.1,0.1,0.1,0.1,0.1,0.1,0.1,0.1
"(19, 22)",2261.0131040504693,2345.859882113246,1819.4809446270497,1901.9158242877065,1918.1636212365197,1608.2855000182856,2328.4077496419795,2053.877843787429,2396.0685466628233,1899.7261642423757
"(19, 23)",0.1,0.1,0.1,0.1,0.1,0.1,0.1,0.1,0.1,0.1
"(20, 0)",0.1,0.1,0.1,0.1,0.1,0.1,0.1,0.1,0.1,0.1
"(20, 1)",0.0,0.0,0.0,0.0,0.0,0.0,0.0,0.0,0.0,0.0
"(20, 2)",0.0,0.0,0.0,0.0,0.0,0.0,0.0,0.0,0.0,0.0
"(20, 3)",0.1,0.1,0.1,0.1,0.1,0.1,0.1,0.1,0.1,0.1
"(20, 4)",0.1,0.1,0.1,0.1,0.1,0.1,0.1,0.1,0.1,0.1
"(20, 5)",0.1,0.1,0.1,0.1,0.1,0.1,0.1,0.1,0.1,0.1
"(20, 6)",824.0637344261522,744.0678568592864,886.7967223717699,807.1741463016173,609.7635604233324,911.6736883912599,487.57177607536426,539.291525937989,476.27352512663776,713.0682420141084
"(20, 7)",0.1,0.1,0.1,0.1,0.1,0.1,0.1,0.1,0.1,0.1
"(20, 8)",0.1,0.1,0.1,0.1,0.1,0.1,0.1,0.1,0.1,0.1
"(20, 9)",0.1,0.1,0.1,0.1,0.1,0.1,0.1,0.1,0.1,0.1
"(20, 10)",1293.8416969694033,1327.5035474801773,1140.1974686296726,1027.161159619287,837.3244860882883,1391.0482586244873,1285.491650057297,1091.0111360666413,1317.3115449328684,1322.5269363490954
"(20, 11)",0.1,0.1,0.1,0.1,0.1,0.1,0.1,0.1,0.1,0.1
"(20, 12)",0.1,0.1,0.1,0.1,0.1,0.1,0.1,0.1,0.1,0.1
"(20, 13)",0.1,0.1,0.1,0.1,0.1,0.1,0.1,0.1,0.1,0.1
"(20, 14)",0.1,0.1,0.1,0.1,0.1,0.1,0.1,0.1,0.1,0.1
"(20, 15)",0.1,0.1,0.1,0.1,0.1,0.1,0.1,0.1,0.1,0.1
"(20, 16)",0.1,0.1,0.1,0.1,0.1,0.1,0.1,0.1,0.1,0.1
"(20, 17)",655.2490806424466,143.40637913503576,591.5590433394178,25.83005330612832,486.9127092420241,276.2765577439346,298.91861812728905,213.23123178279405,434.2288096962319,268.8988831087624
"(20, 18)",0.1,0.1,0.1,0.1,0.1,0.1,0.1,0.1,0.1,0.1
"(20, 19)",0.1,0.1,0.1,0.1,0.1,0.1,0.1,0.1,0.1,0.1
"(20, 20)",0.0,0.0,0.0,0.0,0.0,0.0,0.0,0.0,0.0,0.0
"(20, 21)",0.1,0.1,0.1,0.1,0.1,0.1,0.1,0.1,0.1,0.1
"(20, 22)",0.1,0.1,0.1,0.1,0.1,0.1,0.1,0.1,0.1,0.1
"(20, 23)",0.1,0.1,0.1,0.1,0.1,0.1,0.1,0.1,0.1,0.1
"(21, 0)",0.1,0.1,0.1,0.1,0.1,0.1,0.1,0.1,0.1,0.1
"(21, 1)",0.1,0.1,0.1,0.1,0.1,0.1,0.1,0.1,0.1,0.1
"(21, 2)",0.1,0.1,0.1,0.1,0.1,0.1,0.1,0.1,0.1,0.1
"(21, 3)",896.1954161919139,977.7590060404522,925.8587633795705,1021.2535416020501,860.657021792332,1329.0290867200615,1215.981760507959,1231.5844984344592,1266.1470713530266,937.3849570596211
"(21, 4)",0.1,0.1,0.1,0.1,0.1,0.1,0.1,0.1,0.1,0.1
"(21, 5)",0.1,0.1,0.1,0.1,0.1,0.1,0.1,0.1,0.1,0.1
"(21, 6)",0.1,0.1,0.1,0.1,0.1,0.1,0.1,0.1,0.1,0.1
"(21, 7)",0.1,0.1,0.1,0.1,0.1,0.1,0.1,0.1,0.1,0.1
"(21, 8)",1995.1050485378557,2002.169231304426,2256.180865546914,2035.6814979030023,2336.193801618703,2248.0924905664515,2306.1127281198983,2012.531226277283,2051.9554428596125,2164.4303845594277
"(21, 9)",0.1,0.1,0.1,0.1,0.1,0.1,0.1,0.1,0.1,0.1
"(21, 10)",0.1,0.1,0.1,0.1,0.1,0.1,0.1,0.1,0.1,0.1
"(21, 11)",0.1,0.1,0.1,0.1,0.1,0.1,0.1,0.1,0.1,0.1
"(21, 12)",0.1,0.1,0.1,0.1,0.1,0.1,0.1,0.1,0.1,0.1
"(21, 13)",0.1,0.1,0.1,0.1,0.1,0.1,0.1,0.1,0.1,0.1
"(21, 14)",7914.930749311514,7809.890701169457,7815.394606635747,7754.779786797347,7679.300624633386,8024.498585441048,7932.813536135229,7407.392127129023,7929.07741274308,7588.612895944387
"(21, 15)",0.1,0.1,0.1,0.1,0.1,0.1,0.1,0.1,0.1,0.1
"(21, 16)",0.1,0.1,0.1,0.1,0.1,0.1,0.1,0.1,0.1,0.1
"(21, 17)",0.1,0.1,0.1,0.1,0.1,0.1,0.1,0.1,0.1,0.1
"(21, 18)",0.1,0.1,0.1,0.1,0.1,0.1,0.1,0.1,0.1,0.1
"(21, 19)",7060.764292374852,7268.743765118819,7077.060958999434,7044.971850481158,7170.984873482076,7325.518982371946,7251.938332515386,7376.0520880192225,7083.15140822475,7323.787457001614
"(21, 20)",0.1,0.1,0.1,0.1,0.1,0.1,0.1,0.1,0.1,0.1
"(21, 21)",0.0,0.0,0.0,0.0,0.0,0.0,0.0,0.0,0.0,0.0
"(21, 22)",0.1,0.1,0.1,0.1,0.1,0.1,0.1,0.1,0.1,0.1
"(21, 23)",3242.9080580921964,3308.212182959637,3598.1610843999315,3259.9515922281157,3166.1165862231665,3134.592796412737,3307.138390270972,3177.666450778179,3167.460512839266,3557.48027814277
"(22, 0)",1080.7822437846032,834.9771103028093,971.7646298895609,888.4498072492287,646.8987336319461,802.7256789798379,1060.5660897737646,902.4724493100537,978.8327167414158,710.8725764210428
"(22, 1)",0.0,0.0,0.0,0.0,0.0,0.0,0.0,0.0,0.0,0.0
"(22, 2)",0.1,0.1,0.1,0.1,0.1,0.1,0.1,0.1,0.1,0.1
"(22, 3)",0.1,0.1,0.1,0.1,0.1,0.1,0.1,0.1,0.1,0.1
"(22, 4)",0.1,0.1,0.1,0.1,0.1,0.1,0.1,0.1,0.1,0.1
"(22, 5)",0.1,0.1,0.1,0.1,0.1,0.1,0.1,0.1,0.1,0.1
"(22, 6)",0.1,0.1,0.1,0.1,0.1,0.1,0.1,0.1,0.1,0.1
"(22, 7)",0.1,0.1,0.1,0.1,0.1,0.1,0.1,0.1,0.1,0.1
"(22, 8)",0.1,0.1,0.1,0.1,0.1,0.1,0.1,0.1,0.1,0.1
"(22, 9)",0.1,0.1,0.1,0.1,0.1,0.1,0.1,0.1,0.1,0.1
"(22, 10)",0.1,0.1,0.1,0.1,0.1,0.1,0.1,0.1,0.1,0.1
"(22, 11)",0.1,0.1,0.1,0.1,0.1,0.1,0.1,0.1,0.1,0.1
"(22, 12)",0.1,0.1,0.1,0.1,0.1,0.1,0.1,0.1,0.1,0.1
"(22, 13)",0.1,0.1,0.1,0.1,0.1,0.1,0.1,0.1,0.1,0.1
"(22, 14)",0.1,0.1,0.1,0.1,0.1,0.1,0.1,0.1,0.1,0.1
"(22, 15)",0.1,0.1,0.1,0.1,0.1,0.1,0.1,0.1,0.1,0.1
"(22, 16)",0.1,0.1,0.1,0.1,0.1,0.1,0.1,0.1,0.1,0.1
"(22, 17)",0.1,0.1,0.1,0.1,0.1,0.1,0.1,0.1,0.1,0.1
"(22, 18)",0.1,0.1,0.1,0.1,0.1,0.1,0.1,0.1,0.1,0.1
"(22, 19)",0.1,0.1,0.1,0.1,0.1,0.1,0.1,0.1,0.1,0.1
"(22, 20)",0.1,0.1,0.1,0.1,0.1,0.1,0.1,0.1,0.1,0.1
"(22, 21)",0.1,0.1,0.1,0.1,0.1,0.1,0.1,0.1,0.1,0.1
"(22, 22)",0.0,0.0,0.0,0.0,0.0,0.0,0.0,0.0,0.0,0.0
"(22, 23)",0.1,0.1,0.1,0.1,0.1,0.1,0.1,0.1,0.1,0.1
"(23, 0)",0.1,0.1,0.1,0.1,0.1,0.1,0.1,0.1,0.1,0.1
"(23, 1)",0.0,0.0,0.0,0.0,0.0,0.0,0.0,0.0,0.0,0.0
"(23, 2)",0.0,0.0,0.0,0.0,0.0,0.0,0.0,0.0,0.0,0.0
"(23, 3)",0.1,0.1,0.1,0.1,0.1,0.1,0.1,0.1,0.1,0.1
"(23, 4)",0.0,0.0,0.0,0.0,0.0,0.0,0.0,0.0,0.0,0.0
"(23, 5)",0.1,0.1,0.1,0.1,0.1,0.1,0.1,0.1,0.1,0.1
"(23, 6)",0.1,0.1,0.1,0.1,0.1,0.1,0.1,0.1,0.1,0.1
"(23, 7)",0.1,0.1,0.1,0.1,0.1,0.1,0.1,0.1,0.1,0.1
"(23, 8)",0.1,0.1,0.1,0.1,0.1,0.1,0.1,0.1,0.1,0.1
"(23, 9)",0.1,0.1,0.1,0.1,0.1,0.1,0.1,0.1,0.1,0.1
"(23, 10)",0.1,0.1,0.1,0.1,0.1,0.1,0.1,0.1,0.1,0.1
"(23, 11)",0.1,0.1,0.1,0.1,0.1,0.1,0.1,0.1,0.1,0.1
"(23, 12)",2177.556253069614,1929.1914912834138,1958.910251471467,1927.5362669166534,1659.7343120632993,2449.258943248955,1916.3838298642331,2201.1226006221395,1915.203408740499,2044.1197316289881
"(23, 13)",0.1,0.1,0.1,0.1,0.1,0.1,0.1,0.1,0.1,0.1
"(23, 14)",0.1,0.1,0.1,0.1,0.1,0.1,0.1,0.1,0.1,0.1
"(23, 15)",0.1,0.1,0.1,0.1,0.1,0.1,0.1,0.1,0.1,0.1
"(23, 16)",579.0288408016286,1228.1918078099459,974.919242466234,786.3123454062197,1089.5273649673873,879.992033082196,699.2134881050567,1080.3237079661203,862.0748354427898,934.5117098975305
"(23, 17)",0.0,0.0,0.0,0.0,0.0,0.0,0.0,0.0,0.0,0.0
"(23, 18)",0.1,0.1,0.1,0.1,0.1,0.1,0.1,0.1,0.1,0.1
"(23, 19)",1323.475841208137,1150.7418584549189,1143.1627769964286,1180.6256661978498,1637.0594789648999,1510.3292089982933,1349.1893183282737,1232.9498887490877,1100.8966988478878,1103.338465556115
"(23, 20)",0.1,0.1,0.1,0.1,0.1,0.1,0.1,0.1,0.1,0.1
"(23, 21)",0.1,0.1,0.1,0.1,0.1,0.1,0.1,0.1,0.1,0.1
"(23, 22)",0.1,0.1,0.1,0.1,0.1,0.1,0.1,0.1,0.1,0.1
"(23, 23)",0.0,0.0,0.0,0.0,0.0,0.0,0.0,0.0,0.0,0.0
